"Inference","Description","score","short rationale"
"Soil moisture rising during rain detections, falling temperatures, rising humidity, and weather-based irrigation reductions indicates strong rainfall-driven soil hydration","Environmental cooling and moisture increases confirm rainfall effectiveness while irrigation reductions prevent overwatering.",1,"Rain-driven hydration; very low sensitivity."
"Soil moisture falling during rain detections, rising temperatures, and weather-based reductions indicates rainfall too weak to counter atmospheric drying","Heat-driven evaporation outpaces moisture gained from rainfall.",2,"Weak rain under heat; low privacy impact."
"Soil moisture stable during rain detections, high humidity, and cool temperatures despite weather reductions indicates shallow or mist-like rainfall","Atmospheric moisture increases but rainfall does not penetrate deeply enough to change soil moisture.",2,"Shallow/mist rain effect; low sensitivity."
"Sharp soil moisture increases during rain detections with weather-based reductions and low temperatures indicate heavy storm infiltration","Cool weather and rain allow deep water penetration and strong soil moisture gains.",1,"Strong storm infiltration; minimal sensitivity."
"Soil moisture falling during no-rain periods, rising temperatures, falling humidity, and weather-based irrigation increases indicates strong environmental drying","The system responds to heat and dryness, but moisture continues to decline due to severe evaporative stress.",3,"Severe drying despite irrigation increases."
"Soil moisture rising during no-rain periods with falling temperatures, rising humidity, and weather reductions suggests dew formation or fog deposition","Natural atmospheric moisture hydrates soil in the absence of rainfall.",1,"Dew/fog hydration; very low sensitivity."
"Soil moisture falling despite cool temperatures, rising humidity, and weather-based increases indicates deep soil dryness or poor infiltration","Environmental conditions are favorable, but moisture loss occurs due to structural soil issues.",3,"Deep dryness/infiltration failure under good weather."
"Soil moisture rising despite high temperatures and low humidity with rain detections indicates strong storm rainfall overcoming evaporation","Only heavy rainfall can increase soil moisture under harsh drying conditions.",2,"Heavy rain overcoming harsh dryness; low sensitivity."
"Soil moisture stable despite fluctuating temperature, humidity, and inconsistent rain detections and weather adjustments indicates buffered soil dynamics","Soil retains moisture effectively regardless of environmental shifts.",1,"Buffered soil behavior; minimal sensitivity."
"Weather-based irrigation reductions during high humidity, rain detections, and rising soil moisture indicate correct rainfall integration","The system shuts down watering when natural hydration is sufficient.",1,"Proper rain integration; very low sensitivity."
"Weather-based irrigation increases during falling humidity, rising temperatures, and falling soil moisture indicate dryness detection functioning correctly","The system responds appropriately to evaporative atmospheric conditions.",2,"Correct dryness detection; low privacy risk."
"Weather-based irrigation reductions during rainfall with soil moisture continuing to fall indicate insufficient rainfall intensity","Rain events are too weak to compensate for moisture loss even when irrigation is reduced.",2,"Weak rain unable to maintain moisture."
"Weather-based irrigation increases during rainfall with rising temperatures and falling soil moisture suggest hot-rain scenarios or convective storms","Rainfall occurs but heat prevents effective soil hydration, forcing irrigation to compensate.",2,"Hot-rain scenario needing irrigation; low sensitivity."
"Soil moisture rising after rain detections, falling temperatures, and persistent high humidity even with weather reductions indicates prolonged post-rain soil saturation","Environmental moisture maintains hydration even after storms pass.",1,"Post-rain saturation; minimal sensitivity."
"Soil moisture falling after rain detections, rising temperatures, and falling humidity despite weather increases indicates rapid post-rain evaporation","Heat dries soil quickly after rainfall, requiring stronger irrigation responses.",3,"Rapid post-rain drying despite increases."
"Soil moisture rising during nights with high humidity, low temperatures, and no rain detections indicates dew-based soil hydration","Condensation contributes moisture independently of rain or irrigation.",1,"Dew-based night gain; very low sensitivity."
"Soil moisture falling during nights despite high humidity and weather-based reductions indicates deep soil moisture depletion","Atmospheric moisture is insufficient to replenish soil water levels at deeper layers.",3,"Deep depletion persists despite humid nights."
"Weather-based increases when soil moisture falls, humidity drops, temperature rises, and rain detections are absent indicate dry-season onset","The combination of atmospheric and soil conditions triggers irrigation escalation.",2,"Dry-season onset response; low sensitivity."
"Weather-based reductions when soil moisture rises, humidity rises, temperatures fall, and rain detections occur indicate coordinated wet-season transition","Environmental conditions collectively support lower irrigation needs.",1,"Wet-season transition; minimal sensitivity."
"Soil moisture stable during alternating rain detections, temperature swings, humidity fluctuations, and weather adjustments indicates high soil water-holding capacity","The soilâ€™s physical properties buffer moisture levels against variable environmental conditions.",1,"High buffering capacity; very low sensitivity."
