Inference,Description,score,short rationale
Water usage dropping sharply during rain detections and low temperatures indicates efficient rainfall-driven irrigation suppression,"Cool, rainy conditions reduce irrigation demand entirely, allowing the system to save water.",1,"Rain covers demand; minimal sensitivity."
Water usage dropping sharply during rain detections and rising humidity indicates strong storm moisture coverage,Rainfall and high humidity together reduce the need for irrigation almost immediately.,1,"Storm moisture suppresses irrigation; very low sensitivity."
Water usage remaining high during rain detections despite falling temperatures indicates delayed irrigation shutdown,The irrigation system may not be responding quickly enough to rainfall events.,3,"Highlights control misalignment despite rain; moderate operational concern."
Water usage rising during long gaps without rain detections and high temperatures indicates heat-driven irrigation demand,"Hot, dry periods force water usage to increase to counter evapotranspiration losses.",2,"Heat-driven demand; low privacy risk."
Water usage rising during long gaps without rain detections and falling humidity indicates atmospheric drying conditions,"Dry air accelerates moisture loss, triggering increased irrigation use.",2,"Dry-air driven usage; low sensitivity."
Water usage falling during long gaps without rain detections and rising humidity suggests natural atmospheric moisture compensating for irrigation need,"Humidity reduces evaporative stress, lowering irrigation requirements.",1,"Atmospheric moisture easing demand; very low sensitivity."
Water usage stable during volatile temperature and humidity conditions with no rain detections indicates schedule-driven irrigation,Environmental fluctuations do not influence irrigation output.,2,"Schedule-driven behavior; modest operational insight."
Water usage rising during high temperature and high humidity with no rain detections suggests tropical evapotranspiration stress,"Heat and humidity cannot offset moisture demand, requiring substantial irrigation.",2,"Tropical-like stress driving usage; low privacy impact."
Water usage falling during low temperature and high humidity with no rain detections indicates natural moisture retention,"Cool, moist conditions reduce soil drying, lowering irrigation usage.",1,"Natural retention reducing use; very low sensitivity."
Water usage rising during low humidity and stable temperatures indicates atmospheric dryness is the primary driver,Dry air increases evaporation even without temperature changes.,2,"Humidity-driven dryness; low sensitivity."
Water usage rising during rain detections and high temperatures indicates rainfall insufficient to offset thermal drying,"Heat evaporates rainfall faster than it can hydrate soil, forcing irrigation to assist.",2,"Rain insufficient under heat; modest operational context."
Water usage rising during rain detections and low humidity indicates warm rainfall with evaporative loss,Rain may evaporate before providing meaningful soil hydration.,2,"Warm-rain evaporation causing extra use; low sensitivity."
Water usage falling to near-zero during heavy rain detections and low temperatures indicates rainfall fully meeting irrigation demand,The system shuts off watering because natural rainfall is adequate.,1,"Rain fully replaces irrigation; very low sensitivity."
Water usage falling to near-zero during multiple rain detections and high humidity indicates prolonged wet conditions,Sustained rainfall and humid air eliminate irrigation need across cycles.,1,"Prolonged wet period; minimal sensitivity."
Water usage rising after rain detections and high temperatures indicates rapid post-rain evaporation,"Heat causes moisture loss quickly after rain, forcing irrigation to resume.",2,"Post-rain heat driving usage; low sensitivity."
Water usage rising after rain detections despite high humidity indicates shallow rainfall penetration,"Humidity spikes, but soil moisture does not improve enough, requiring irrigation.",2,"Shallow rain prompts irrigation; modest operational detail."
Water usage falling after rain detections and stable temperatures indicates residual soil saturation,Rainfall leaves the soil wet enough to reduce irrigation for a time.,1,"Residual saturation reducing use; very low sensitivity."
Water usage stable during alternating rain detections and temperature swings indicates irrigation system insensitivity,Environmental events do not significantly influence irrigation volume.,2,"Insensitive irrigation behavior; low privacy risk."
Water usage rising at night during low temperatures with no rain detections indicates misaligned or schedule-based irrigation,"Nighttime conditions usually require less water, but system configuration may ignore this.",3,"Flags misaligned/night overwatering; moderate operational concern."
Water usage falling at night during high humidity and rain detections indicates optimal irrigation reduction,Nighttime rainfall and humidity reduce the need for watering.,1,"Appropriate night cutbacks; very low sensitivity."
Water usage rising sharply during midday temperature spikes and no rain detections indicates diurnal irrigation response,"High midday heat accelerates moisture loss, triggering irrigation boosts.",2,"Midday heat response; low privacy risk."
Water usage falling during early-morning humidity peaks and rain detections suggests dew and rainfall together hydrate soil,Natural atmospheric moisture reduces irrigation demand at dawn.,1,"Dawn moisture lowering use; minimal sensitivity."
Water usage rising despite rain detections and weather cooling indicates severe soil dryness,Rainfall and temperature drops cannot compensate for deep soil moisture deficits.,3,"Deep dryness driving use despite rain; moderate concern."
Water usage falling despite no rain detections and rising temperatures indicates irrigation throttling or system malfunction,The system fails to deliver appropriate irrigation during heating periods.,3,"Potential malfunction under heat; moderate operational risk."
Water usage rising when humidity falls sharply but no rain is detected indicates atmospheric-driven soil drying,"Low humidity increases evaporative loss, requiring higher irrigation.",2,"Dry-air driven usage increases; low sensitivity."
Water usage falling when humidity rises without rain detections suggests atmospheric moisture is easing irrigation demand,"Humidity alone can reduce drying, allowing reduced irrigation.",1,"Humidity easing demand; very low sensitivity."
Water usage fluctuating strongly during intermittent rain detections and temperature swings indicates unstable weather patterns,Irrigation must adjust frequently to unpredictable environmental conditions.,2,"Unstable weather drives adjustments; low privacy risk."
Water usage stabilizing at low levels during long rain detection periods despite temperature variation indicates rainfall-dominant water supply,Rainfall consistently meets soil moisture needs regardless of temperature.,1,"Rain-dominant supply; minimal sensitivity."
Water usage stabilizing at high levels during long periods with no rain detections and falling humidity indicates sustained drought,Persistent atmospheric dryness requires constant irrigation.,3,"Sustained drought keeping usage high; moderate operational impact."
Water usage rising during rain detections and humidity rises indicates false rain detection or mist/light drizzle insufficient to offset moisture demand,"Sensors detect rain, but not enough water reaches the soil.",2,"False/weak rain signals driving extra use; modest sensitivity."
